{"cameraMode":{"drawMode":0,"name":"Shaded","section":"Shading Mode"},"sceneLighting":true,"audioPlay":false,"sceneViewState":{"m_AlwaysRefresh":false,"showFog":true,"showSkybox":true,"showFlares":true,"showImageEffects":true,"showParticleSystems":true,"showVisualEffectGraphs":true,"m_FxEnabled":true},"in2DMode":false,"pivot":{"x":4.722069263458252,"y":-13.852615356445313,"z":12.536219596862793},"rotation":{"x":0.26930350065231326,"y":0.06494113057851792,"z":-0.018204448744654657,"w":0.9606878757476807},"size":20.55501937866211,"orthographic":false}